{
  "project_info": {
    "project_number": "962980506136",
    "project_id": "tpmusau-auth",
    "storage_bucket": "tpmusau-auth.firebasestorage.app"
  },
  "client": [
    {
      "client_info": {
        "mobilesdk_app_id": "1:962980506136:android:8be51efb7700c34278316d",
        "android_client_info": {
          "package_name": "com.example.tpmusau_auth"
        }
      },
      "oauth_client": [],
      "api_key": [
        {
          "current_key": "AIzaSyBWkNsybdSR6gRtzhDj1aypUt9z1JhvBpo"
        }
      ],
      "services": {
        "appinvite_service": {
          "other_platform_oauth_client": []
        }
      }
    }
  ],
  "configuration_version": "1"
}