{"flutter":{"platforms":{"android":{"default":{"projectId":"tpmusau-auth","appId":"1:962980506136:android:8be51efb7700c34278316d","fileOutput":"android/app/google-services.json"}},"dart":{"lib/firebase_options.dart":{"projectId":"tpmusau-auth","configurations":{"android":"1:962980506136:android:8be51efb7700c34278316d","ios":"1:962980506136:ios:f7c264d2c9ac170478316d","macos":"1:962980506136:ios:f7c264d2c9ac170478316d","web":"1:962980506136:web:750662aafa228c6d78316d","windows":"1:962980506136:web:9a1300b8573d73ee78316d"}}}}}}